Volume,VWAP,Open,Close,High,Low,Timestamp,Number_of_Trades,Date
87780064,145.4907,145.03,146.1,146.22,144.26,1664856000000,687504,2022-10-04
79269968,145.2495,144.075,146.4,147.38,143.01,1664942400000,605861,2022-10-05
68308669,146.0741,145.81,145.43,147.54,145.22,1665028800000,538671,2022-10-06
85925559,140.7932,142.54,140.09,143.1,139.445,1665115200000,666459,2022-10-07
74899002,140.1978,140.42,140.42,141.89,138.5729,1665374400000,620863,2022-10-10
77001872,139.5393,139.9,138.98,141.35,138.22,1665460800000,608882,2022-10-11
69933744,139.0968,139.13,138.34,140.36,138.16,1665547200000,553185,2022-10-12
113223975,139.7607,134.99,142.99,143.59,134.37,1665633600000,874139,2022-10-13
88597969,139.9229,144.31,138.38,144.52,138.19,1665720000000,689680,2022-10-14
85250639,141.9529,141.065,142.41,142.9,140.27,1665979200000,634583,2022-10-17
99130632,144.0619,145.49,143.75,146.7,140.61,1666065600000,785416,2022-10-18
61757790,143.4441,141.69,143.86,144.9492,141.5,1666152000000,511348,2022-10-19
64521989,144.2072,143.02,143.39,145.89,142.65,1666238400000,517760,2022-10-20
86548459,145.5191,142.87,147.27,147.8479,142.649,1666324800000,621571,2022-10-21
75981918,148.3743,147.185,149.45,150.23,146.0,1666584000000,653020,2022-10-24
74682290,151.4347,150.09,152.34,152.49,149.36,1666670400000,581421,2022-10-25
87883672,150.0488,150.96,149.35,151.99,148.04,1666756800000,694793,2022-10-26
109161970,145.3119,148.07,144.8,149.046,144.13,1666843200000,944053,2022-10-27
164762371,154.5822,148.2,155.74,157.5,147.82,1666929600000,1228075,2022-10-28
97932271,153.2791,153.155,153.34,154.24,151.92,1667188800000,726843,2022-10-31
80379345,150.9807,155.08,150.65,155.45,149.13,1667275200000,650595,2022-11-01
93604623,148.2186,148.945,145.03,152.17,145.0,1667361600000,788400,2022-11-02
97917166,140.1145,142.06,138.88,142.8,138.75,1667448000000,871800,2022-11-03
140494796,137.3583,142.09,138.38,142.67,134.38,1667534400000,1161631,2022-11-04
83364228,137.4671,137.11,138.92,139.145,135.671,1667797200000,715005,2022-11-07
89908477,139.5702,140.41,139.5,141.43,137.49,1667883600000,637312,2022-11-08
74903262,135.9897,138.5,134.87,138.55,134.5933,1667970000000,632982,2022-11-09
118854028,144.1322,141.24,146.87,146.87,139.5,1668056400000,875048,2022-11-10
93966273,148.1929,145.82,149.7,150.01,144.37,1668142800000,742241,2022-11-11
73374114,148.7236,148.97,148.28,150.28,147.43,1668402000000,576289,2022-11-14
89868332,151.2356,152.215,150.04,153.59,148.5613,1668488400000,703669,2022-11-15
64218266,148.6596,149.13,148.79,149.87,147.29,1668574800000,472247,2022-11-16
80389400,149.706,146.43,150.72,151.48,146.15,1668661200000,563714,2022-11-17
74829573,151.1944,152.305,151.29,152.7,149.97,1668747600000,514103,2022-11-18
58724070,148.4817,150.16,148.01,150.37,147.715,1669006800000,504777,2022-11-21
51804132,149.1957,148.13,150.18,150.42,146.925,1669093200000,405185,2022-11-22
58283895,150.7871,149.45,151.07,151.83,149.34,1669179600000,444423,2022-11-23
35195860,148.1668,148.305,148.11,148.88,147.12,1669352400000,319570,2022-11-25
69346522,144.782,145.14,144.22,146.64,143.38,1669611600000,614357,2022-11-28
83736803,142.0517,144.29,141.17,144.81,140.355,1669698000000,713280,2022-11-29
111314880,145.1721,141.395,148.03,148.72,140.55,1669784400000,707647,2022-11-30
71250416,148.105,148.21,148.31,149.13,146.61,1669870800000,525985,2022-12-01
65438446,146.8594,145.96,147.81,148.0,145.65,1669957200000,464550,2022-12-02
68826442,147.6384,147.77,146.63,150.9199,145.77,1670216400000,586791,2022-12-05
64727186,143.7902,147.075,142.91,147.3,141.92,1670302800000,537304,2022-12-06
69721094,141.1601,142.19,140.94,143.37,140.0,1670389200000,565392,2022-12-07
62128338,142.5153,142.36,142.65,143.52,141.1,1670475600000,456121,2022-12-08
76084511,143.2204,142.34,142.16,145.57,140.9,1670562000000,530236,2022-12-09
70462654,143.0063,142.7,144.49,144.5,141.06,1670821200000,492710,2022-12-12
93486161,146.5933,149.5,145.47,149.9692,144.24,1670907600000,706525,2022-12-13
82211182,144.2495,145.35,143.21,146.655,141.16,1670994000000,597870,2022-12-14
98463907,137.6359,141.11,136.5,141.8,136.025,1671080400000,879346,2022-12-15
160063600,134.9476,136.685,134.51,137.65,133.73,1671166800000,821076,2022-12-16
79592614,132.4667,135.11,132.37,135.2,131.32,1671426000000,705820,2022-12-19
77430718,131.8489,131.39,132.3,133.25,129.89,1671512400000,640693,2022-12-20
85927993,135.315,132.98,135.45,136.81,132.75,1671598800000,588684,2022-12-21
77696108,131.8997,134.352,132.23,134.56,130.3,1671685200000,643294,2022-12-22
63802893,131.1521,130.92,131.86,132.415,129.64,1671771600000,541274,2022-12-23
69007830,129.9522,131.38,130.03,131.41,128.72,1672117200000,608331,2022-12-27
85438391,127.5918,129.67,126.04,131.0275,125.87,1672203600000,762246,2022-12-28
75501810,129.4879,127.99,129.61,130.4814,127.73,1672290000000,598204,2022-12-29
76204209,128.8013,128.41,129.93,129.95,127.43,1672376400000,592655,2022-12-30
112117471,125.725,130.28,125.07,130.9,124.17,1672722000000,1021065,2023-01-03
89100633,126.6464,126.89,126.36,128.6557,125.08,1672808400000,770042,2023-01-04
80716808,126.0883,127.13,125.02,127.77,124.76,1672894800000,665458,2023-01-05
87754715,128.1982,126.01,129.62,130.29,124.89,1672981200000,711520,2023-01-06
70790813,131.6292,130.465,130.15,133.41,129.89,1673240400000,645365,2023-01-09
63896155,129.822,130.26,130.73,131.2636,128.12,1673326800000,554940,2023-01-10
69458949,132.3081,131.25,133.49,133.51,130.46,1673413200000,561278,2023-01-11
71379648,133.171,133.88,133.41,134.26,131.44,1673499600000,635331,2023-01-12
57809719,133.6773,132.03,134.76,134.92,131.66,1673586000000,537385,2023-01-13
63612627,135.7587,134.83,135.94,137.29,134.13,1673931600000,595831,2023-01-17
69672800,136.3316,136.815,135.21,138.61,135.03,1674018000000,578304,2023-01-18
58280413,134.9653,134.08,135.27,136.25,133.77,1674104400000,491674,2023-01-19
80200655,136.3762,135.28,137.87,138.02,134.22,1674190800000,552230,2023-01-20
81760313,141.2116,138.12,141.11,143.315,137.9,1674450000000,719288,2023-01-23
66435142,142.0507,140.305,142.53,143.16,140.3,1674536400000,498679,2023-01-24
65799349,140.7526,140.89,141.86,142.43,138.81,1674622800000,536505,2023-01-25
54105068,143.3429,143.17,143.96,144.25,141.9,1674709200000,472135,2023-01-26
70547743,145.8365,143.155,145.93,147.23,143.08,1674795600000,560022,2023-01-27
64015274,143.6524,144.955,143.0,145.55,142.85,1675054800000,551111,2023-01-30
65874459,143.6473,142.7,144.29,144.34,142.28,1675141200000,468170,2023-01-31
77663426,143.8723,143.97,145.43,146.61,141.32,1675227600000,693374,2023-02-01
118338980,149.3764,148.9,150.82,151.18,148.17,1675314000000,996203,2023-02-02
154338835,154.2437,148.03,154.5,157.38,147.83,1675400400000,1141350,2023-02-03
69771906,152.0939,152.575,151.73,153.1,150.78,1675659600000,583517,2023-02-06
83322551,153.4202,150.64,154.65,155.23,150.64,1675746000000,661767,2023-02-07
63620079,152.3636,153.88,151.92,154.58,151.168,1675832400000,524140,2023-02-08
55994243,152.2769,153.775,150.87,154.33,150.42,1675918800000,471973,2023-02-09
57388108,150.4054,149.46,151.01,151.3401,149.22,1676005200000,443405,2023-02-10
62199013,153.231,150.952,153.85,154.26,150.92,1676264400000,506668,2023-02-13
61664023,152.5956,152.12,153.2,153.77,150.86,1676350800000,528566,2023-02-14
65665252,154.4536,153.11,155.33,155.5,152.88,1676437200000,520574,2023-02-15
68167942,154.7143,153.51,153.71,156.33,153.3475,1676523600000,516187,2023-02-16
59105618,152.0451,152.35,152.55,153.0,150.85,1676610000000,468580,2023-02-17
58217230,149.3501,150.2,148.48,151.3,148.405,1676955600000,509342,2023-02-21
51008155,148.5494,148.87,148.91,149.95,147.16,1677042000000,429775,2023-02-22
48392049,148.8407,150.09,149.4,150.34,147.24,1677128400000,425159,2023-02-23
55469606,146.3861,147.11,146.71,147.19,145.7202,1677214800000,472221,2023-02-24
44998470,148.1344,147.71,147.92,149.17,147.45,1677474000000,418069,2023-02-27
50546998,147.7996,147.05,147.41,149.08,146.83,1677560400000,383779,2023-02-28
55478991,145.868,146.83,145.31,147.2285,145.01,1677646800000,461613,2023-03-01
52279761,145.1652,144.38,145.91,146.71,143.9,1677733200000,413238,2023-03-02
70725339,150.0304,148.045,151.03,151.11,147.33,1677819600000,558706,2023-03-03
87558028,154.6895,153.785,153.83,156.3,153.46,1678078800000,691990,2023-03-06
56136378,152.2768,153.7,151.6,154.0299,151.13,1678165200000,496631,2023-03-07
47204791,152.6973,152.81,152.87,153.47,151.83,1678251600000,405203,2023-03-08
53833122,152.4689,153.559,150.59,154.535,150.225,1678338000000,480909,2023-03-09
68559600,149.0716,150.21,148.5,150.94,147.6096,1678424400000,611457,2023-03-10
84457122,151.1835,147.805,150.47,153.14,147.7,1678680000000,760660,2023-03-13
72045893,152.1061,151.28,152.59,153.4,150.1,1678766400000,565196,2023-03-14
77167866,151.7861,151.19,152.99,153.245,149.92,1678852800000,703116,2023-03-15
76206919,154.813,152.16,155.85,156.46,151.64,1678939200000,676097,2023-03-16
98944633,155.3402,156.08,155.0,156.74,154.28,1679025600000,615778,2023-03-17
72711415,156.6059,155.07,157.4,157.82,154.15,1679284800000,628984,2023-03-20
73938285,158.3406,157.32,159.28,159.4,156.54,1679371200000,590982,2023-03-21
75349311,159.6832,159.3,157.83,162.14,157.81,1679457600000,656865,2023-03-22
67482060,159.5685,158.83,158.93,161.5501,157.68,1679544000000,614268,2023-03-23
59006343,159.2417,158.86,160.25,160.34,157.85,1679630400000,517531,2023-03-24
52390266,159.0188,159.94,158.28,160.77,157.87,1679889600000,518436,2023-03-27
45992152,156.9785,157.97,157.65,158.49,155.98,1679976000000,432447,2023-03-28
51305691,160.216,159.37,160.77,161.05,159.35,1680062400000,472077,2023-03-29
49210289,162.0209,161.53,162.36,162.47,161.271,1680148800000,456152,2023-03-30
68749792,164.0421,162.44,164.9,165.0,161.91,1680235200000,574409,2023-03-31
56976187,165.3487,164.27,166.17,166.29,164.22,1680494400000,568686,2023-04-03
46278295,165.9131,166.595,165.63,166.84,165.11,1680580800000,456306,2023-04-04
51511744,163.4912,164.74,163.76,165.05,161.8,1680667200000,533621,2023-04-05
45390123,164.0257,162.43,164.66,164.9584,162.0,1680753600000,446212,2023-04-06
47670382,161.2628,161.42,162.03,162.03,160.08,1681099200000,563913,2023-04-10
47494217,161.1314,162.35,160.8,162.36,160.51,1681185600000,490479,2023-04-11
50133062,160.8845,161.22,160.1,162.06,159.78,1681272000000,514261,2023-04-12
68418649,164.3531,161.63,165.56,165.8,161.42,1681358400000,595709,2023-04-13
49314480,165.0394,164.59,165.21,166.32,163.82,1681444800000,489551,2023-04-14
41516217,164.8044,165.09,165.23,165.39,164.03,1681704000000,483388,2023-04-17
49915508,166.3535,166.1,166.47,167.41,165.65,1681790400000,494642,2023-04-18
47621166,167.2806,165.8,167.63,168.16,165.54,1681876800000,473866,2023-04-19
52456377,166.779,166.09,166.65,167.87,165.56,1681963200000,493153,2023-04-20
57736141,165.0754,165.05,165.02,166.4521,164.49,1682049600000,520279,2023-04-21
41449581,164.9397,165.0,165.33,165.6,163.89,1682308800000,459499,2023-04-24
48652863,164.6479,165.19,163.77,166.305,163.73,1682395200000,501548,2023-04-25
45487296,163.9084,163.055,163.76,165.28,162.8,1682481600000,493403,2023-04-26
64898729,167.3197,165.19,168.41,168.56,165.19,1682568000000,575981,2023-04-27
55275851,168.9479,168.49,169.68,169.85,167.8801,1682654400000,527763,2023-04-28
52424936,169.6586,169.28,169.59,170.45,168.64,1682913600000,540745,2023-05-01
48425696,168.6978,170.09,168.54,170.35,167.54,1683000000000,509755,2023-05-02
65126998,169.013,169.5,167.45,170.92,167.16,1683086400000,610052,2023-05-03
81225673,166.0983,164.89,165.79,167.04,164.31,1683172800000,832121,2023-05-04
113402971,173.3116,170.975,173.57,174.3,170.76,1683259200000,915977,2023-05-05
55962634,173.321,172.48,173.5,173.85,172.11,1683518400000,563138,2023-05-08
45326874,172.3162,173.05,171.77,173.54,171.6,1683604800000,456209,2023-05-09
53724501,173.1737,173.02,173.555,174.03,171.9,1683691200000,511486,2023-05-10
49473076,173.4903,173.85,173.75,174.59,172.17,1683777600000,501955,2023-05-11
45533138,172.3696,173.62,172.57,174.06,171.0,1683864000000,490533,2023-05-12
37264259,172.1109,173.16,172.07,173.21,171.47,1684123200000,444785,2023-05-15
42110293,172.2781,171.99,172.07,173.1383,171.7991,1684209600000,436165,2023-05-16
57934404,171.85,171.71,172.69,172.925,170.4201,1684296000000,554940,2023-05-17
65496657,174.3014,173.0,175.05,175.24,172.58,1684382400000,595692,2023-05-18
55525641,175.5191,176.39,175.16,176.39,174.94,1684468800000,532731,2023-05-19
43570932,174.1828,173.98,174.2,174.71,173.45,1684728000000,526393,2023-05-22
50745163,172.1908,173.13,171.56,173.3794,171.275,1684814400000,535091,2023-05-23
43711588,171.5088,171.09,171.84,172.4183,170.52,1684900800000,492275,2023-05-24
55889523,172.8818,172.41,172.99,173.895,171.69,1684987200000,534909,2023-05-25
54834975,175.1454,173.32,175.43,175.77,173.11,1685073600000,529918,2023-05-26
55963954,177.4489,176.96,177.3,178.99,176.57,1685419200000,651318,2023-05-30
99625288,177.9376,177.325,177.25,179.35,176.76,1685505600000,669221,2023-05-31
68901712,179.3796,177.7,180.09,180.12,176.9306,1685592000000,624132,2023-06-01
61996852,180.6479,181.03,180.95,181.78,179.26,1685678400000,617235,2023-06-02
121722517,182.1408,182.63,179.58,184.951,178.035,1685937600000,1286180,2023-06-05
64845314,178.7093,179.965,179.21,180.12,177.43,1686024000000,705164,2023-06-06
61944615,178.6619,178.44,177.82,181.21,177.32,1686110400000,669062,2023-06-07
50210681,179.5493,177.895,180.57,180.84,177.46,1686196800000,548456,2023-06-08
48869360,181.4395,181.5,180.96,182.23,180.63,1686283200000,557894,2023-06-09
54754995,182.836,181.27,183.79,183.89,180.97,1686542400000,562058,2023-06-12
54867129,183.1702,182.8,183.31,184.15,182.44,1686628800000,608337,2023-06-13
57462782,183.7101,183.37,183.95,184.39,182.02,1686715200000,614097,2023-06-14
65433166,185.5672,183.96,186.01,186.52,183.78,1686801600000,697003,2023-06-15
101151225,185.4644,186.73,184.92,186.99,184.27,1686888000000,616272,2023-06-16
49799092,185.2709,184.41,185.01,186.1,184.41,1687233600000,577495,2023-06-20
49515697,184.0809,184.9,183.96,185.41,182.5901,1687320000000,520855,2023-06-21
51245327,186.1166,183.74,187.0,187.045,183.67,1687406400000,563076,2023-06-22
53112346,186.4952,185.55,186.68,187.56,185.01,1687492800000,539704,2023-06-23
48088661,186.3292,186.83,185.27,188.05,185.23,1687752000000,584497,2023-06-26
50731499,187.4998,185.89,188.06,188.39,185.67,1687838400000,511869,2023-06-27
51216801,188.8916,187.93,189.25,189.9,187.6,1687924800000,559145,2023-06-28
46347308,189.5561,189.08,189.59,190.07,188.94,1688011200000,525367,2023-06-29
85068452,193.102,191.63,193.97,194.48,191.26,1688097600000,774380,2023-06-30
31458198,192.6624,193.78,192.46,193.88,191.76,1688356800000,500175,2023-07-03
46896861,191.5803,191.565,191.33,192.98,190.62,1688529600000,560170,2023-07-05
45155523,190.8214,189.84,191.81,192.02,189.2,1688616000000,562755,2023-07-06
46757498,191.4218,191.41,190.68,192.67,190.24,1688702400000,538826,2023-07-07
59912163,188.3628,189.26,188.61,189.99,187.035,1688961600000,736912,2023-07-10
46638119,187.8219,189.16,188.08,189.3,186.6,1689048000000,577717,2023-07-11
60750218,189.9586,189.68,189.77,191.7,188.47,1689134400000,652126,2023-07-12
41337338,190.565,190.5,190.54,191.19,189.78,1689220800000,467952,2023-07-13
41616242,190.4662,190.23,190.69,191.1799,189.63,1689307200000,513233,2023-07-14
50520159,193.2997,191.9,193.99,194.32,191.81,1689566400000,602852,2023-07-17
48153774,193.3846,193.35,193.73,194.33,192.415,1689652800000,544605,2023-07-18
80492323,194.9188,193.1,195.1,198.23,192.65,1689739200000,776766,2023-07-19
59581196,194.276,195.09,193.13,196.47,192.495,1689825600000,639817,2023-07-20
71451683,192.5948,194.1,191.94,194.97,191.23,1689912000000,580360,2023-07-21
45507451,193.2011,193.41,192.75,194.91,192.25,1690171200000,525855,2023-07-24
37283201,193.804,193.33,193.62,194.44,192.915,1690257600000,445394,2023-07-25
47471868,194.3737,193.67,194.5,195.64,193.32,1690344000000,502309,2023-07-26
47439680,194.8773,196.02,193.22,197.2,192.55,1690430400000,570472,2023-07-27
47691443,195.8075,194.67,195.83,196.626,194.14,1690516800000,519151,2023-07-28
38824113,196.1507,196.06,196.45,196.49,195.26,1690776000000,530506,2023-07-31
35281426,195.8486,196.235,195.605,196.73,195.28,1690862400000,477616,2023-08-01
50388811,192.9395,195.04,192.58,195.18,191.8507,1690948800000,620582,2023-08-02
62243282,191.1312,191.57,191.17,192.37,190.69,1691035200000,754703,2023-08-03
115956841,184.279,185.52,181.99,187.38,181.92,1691121600000,1336765,2023-08-04
97105069,179.0119,182.13,178.85,183.13,177.35,1691380800000,1159281,2023-08-07
67769003,178.9854,179.69,179.8,180.27,177.58,1691467200000,709019,2023-08-08
60303492,178.4887,180.87,178.19,180.93,177.01,1691553600000,666112,2023-08-09
54686851,178.7951,179.48,177.97,180.75,177.6,1691640000000,652995,2023-08-10
51036672,177.8056,177.32,177.79,178.62,176.55,1691726400000,586481,2023-08-11
43675627,178.9475,177.97,179.46,179.69,177.305,1691985600000,564982,2023-08-14
43574863,177.9886,178.88,177.45,179.48,177.05,1692072000000,510071,2023-08-15
45712957,177.4133,177.13,176.57,178.54,176.5,1692158400000,526074,2023-08-16
66054482,174.5857,177.14,174.0,177.5054,173.48,1692244800000,673083,2023-08-17
60171878,173.8904,172.3,174.49,175.1,171.96,1692331200000,596474,2023-08-18
46161959,175.2221,175.07,175.84,176.13,173.735,1692590400000,559658,2023-08-21
42057245,177.0098,177.06,177.23,177.68,176.25,1692676800000,501508,2023-08-22
52722752,180.6482,178.52,181.12,181.55,178.325,1692763200000,587165,2023-08-23
54912798,177.7035,180.674,176.38,181.104,176.01,1692849600000,610377,2023-08-24
51439994,177.9075,177.38,178.61,179.15,175.82,1692936000000,554789,2023-08-25
43803238,179.6595,180.09,180.19,180.59,178.545,1693195200000,532485,2023-08-28
52953948,183.28,179.695,184.12,184.9,179.5,1693281600000,576465,2023-08-29
60803988,186.93,184.94,187.65,187.85,184.74,1693368000000,636448,2023-08-30
60794467,188.1489,187.84,187.87,189.12,187.48,1693454400000,554869,2023-08-31
45393903,189.0424,189.485,189.46,189.92,188.28,1693540800000,530273,2023-09-01
45280027,189.1084,188.28,189.7,189.98,187.61,1693886400000,602458,2023-09-05
81753366,183.786,188.4,182.91,188.85,181.47,1693972800000,880106,2023-09-06
112416703,176.7332,175.18,177.56,178.21,173.54,1694059200000,1210080,2023-09-07
65402066,179.0663,178.35,178.18,180.239,177.79,1694145600000,755389,2023-09-08
58953052,178.8465,180.07,179.36,180.3,177.34,1694404800000,722430,2023-09-11
90316192,176.7048,179.49,176.3,180.13,174.82,1694491200000,937419,2023-09-12
84267928,175.0352,176.51,174.21,177.3,173.98,1694577600000,835150,2023-09-13
60345757,175.3715,174.0,175.74,176.1,173.58,1694664000000,641017,2023-09-14
109259461,175.0843,176.48,175.01,176.495,173.82,1694750400000,729794,2023-09-15
67257573,177.8915,176.48,177.97,179.38,176.17,1695009600000,731278,2023-09-18
51826941,178.4293,177.52,179.07,179.63,177.13,1695096000000,524402,2023-09-19
58436181,176.9653,179.26,175.49,179.695,175.4,1695182400000,600225,2023-09-20
62449116,174.8619,174.55,173.93,176.3,173.86,1695268800000,631478,2023-09-21
56688985,175.4667,174.67,174.79,177.079,174.05,1695355200000,606168,2023-09-22
46172740,175.6665,174.2,176.08,176.97,174.15,1695614400000,564218,2023-09-25
64548945,172.7156,174.82,171.96,175.2,171.66,1695700800000,688340,2023-09-26
66920708,170.5335,172.62,170.43,173.04,169.05,1695787200000,707850,2023-09-27
56294419,170.297,169.34,170.69,172.03,167.62,1695873600000,618584,2023-09-28
51861083,171.5997,172.02,171.21,173.07,170.341,1695960000000,535134,2023-09-29
52156935,173.2879,171.22,173.75,174.3,170.93,1696219200000,617249,2023-10-02
49594613,172.1342,172.255,172.4,173.63,170.82,1696305600000,542569,2023-10-03
53006286,172.9437,171.09,173.66,174.21,170.97,1696392000000,560975,2023-10-04
48527918,174.2297,173.79,174.91,175.45,172.68,1696478400000,509175,2023-10-05
57266675,176.3366,173.8,177.49,177.99,173.18,1696564800000,593944,2023-10-06
42344772,177.8683,176.81,178.99,179.05,175.8,1696824000000,518256,2023-10-09
43698019,178.6901,178.1,178.39,179.72,177.95,1696910400000,524939,2023-10-10
47544848,178.9503,178.2,179.8,179.85,177.6,1696996800000,503477,2023-10-11
56743119,180.9482,180.07,180.71,182.34,179.04,1697083200000,616891,2023-10-12
51412082,179.4154,181.42,178.85,181.93,178.14,1697169600000,531441,2023-10-13
52516984,178.1478,176.75,178.72,179.075,176.51,1697428800000,632605,2023-10-16
57549350,176.8623,176.645,177.15,178.42,174.8,1697515200000,592323,2023-10-17
54764375,176.3501,175.58,175.84,177.575,175.11,1697601600000,540187,2023-10-18
59192863,176.215,176.04,175.46,177.84,175.19,1697688000000,560260,2023-10-19
64211828,173.7459,175.31,172.88,175.42,172.64,1697774400000,600318,2023-10-20
55980109,172.3829,170.91,173.0,174.01,169.93,1698033600000,639616,2023-10-23
43816644,172.7333,173.05,173.44,173.67,171.45,1698120000000,530406,2023-10-24
57156962,171.4932,171.88,171.1,173.06,170.65,1698206400000,610143,2023-10-25
70625258,167.5944,170.37,166.89,171.3775,165.67,1698292800000,815217,2023-10-26
58257129,167.9072,166.91,168.22,168.96,166.83,1698379200000,609511,2023-10-27
51239218,170.0788,169.02,170.29,171.17,168.87,1698638400000,628258,2023-10-30
44846017,169.9252,169.35,170.77,170.9,167.9,1698724800000,509879,2023-10-31
56934906,172.6187,171.0,173.97,174.23,170.12,1698811200000,633476,2023-11-01
77292052,176.6794,175.52,177.57,177.78,175.46,1698897600000,805046,2023-11-02
79829246,175.5751,174.24,176.65,176.82,173.35,1698984000000,858038,2023-11-03
63841310,178.5589,176.38,179.23,179.43,176.21,1699246800000,678103,2023-11-06
70529966,181.2627,179.18,181.82,182.44,178.97,1699333200000,653779,2023-11-07
49340282,182.6566,182.35,182.89,183.45,181.59,1699419600000,542421,2023-11-08
53631840,182.912,182.96,182.41,184.12,181.81,1699506000000,545657,2023-11-09
66177922,185.4104,183.97,186.4,186.565,183.53,1699592400000,610938,2023-11-10
43627519,184.8317,185.82,184.8,186.03,184.21,1699851600000,530407,2023-11-13
60108378,187.2038,187.7,187.44,188.11,186.3,1699938000000,609218,2023-11-14
53608999,188.4191,187.845,188.01,189.5,187.78,1700024400000,564159,2023-11-15
54412915,189.7109,189.57,189.71,190.96,188.65,1700110800000,620748,2023-11-16
50737404,189.6022,190.25,189.69,190.38,188.57,1700197200000,510217,2023-11-17
46538614,191.2984,189.89,191.45,191.905,189.88,1700456400000,554014,2023-11-20
38134485,190.51,191.41,190.64,191.52,189.74,1700542800000,450749,2023-11-21
39630011,191.7223,191.49,191.31,192.93,190.825,1700629200000,463560,2023-11-22
24018404,189.7899,190.87,189.97,190.9,189.25,1700802000000,335946,2023-11-24
40456609,189.7974,189.92,189.79,190.67,188.9,1701061200000,508895,2023-11-27
38415419,190.165,189.78,190.4,191.08,189.4,1701147600000,458154,2023-11-28
43014224,189.9974,190.9,189.37,192.09,188.97,1701234000000,493064,2023-11-29
48744366,189.337,189.84,189.95,190.32,188.19,1701320400000,486786,2023-11-30
45676673,190.8613,190.33,191.24,191.56,189.23,1701406800000,515537,2023-12-01
43389519,188.916,189.98,189.43,190.05,187.4511,1701666000000,587461,2023-12-04
66628398,193.1715,190.21,193.42,194.4,190.18,1701752400000,700669,2023-12-05
41055862,192.8014,194.45,192.32,194.76,192.11,1701838800000,491436,2023-12-06
47413955,194.3967,193.63,194.27,195.0,193.59,1701925200000,495048,2023-12-07
53383658,195.1638,194.2,195.71,195.99,193.67,1702011600000,538968,2023-12-08
60943699,192.7089,193.11,193.18,193.49,191.42,1702270800000,691172,2023-12-11
52696900,193.7834,193.08,194.71,194.72,191.721,1702357200000,510768,2023-12-12
70404183,196.9085,195.09,197.96,198.0,194.85,1702443600000,672552,2023-12-13
66831572,198.2872,198.02,198.11,199.62,196.16,1702530000000,691862,2023-12-14
127387901,197.56,197.53,197.57,198.3999,197.0,1702616400000,625452,2023-12-15
55751861,195.6255,196.09,195.89,196.63,194.39,1702875600000,655763,2023-12-18
40714051,196.5277,196.16,196.94,196.95,195.89,1702962000000,451709,2023-12-19
52242815,196.142,196.9,194.83,197.68,194.83,1703048400000,550599,2023-12-20
46482549,194.7425,196.1,194.68,197.08,193.5,1703134800000,554844,2023-12-21
37149570,194.1013,195.18,193.6,195.41,192.97,1703221200000,500544,2023-12-22
28919310,193.1713,193.61,193.05,193.89,192.83,1703566800000,488257,2023-12-26
48087681,192.5679,192.49,193.15,193.5,191.09,1703653200000,548076,2023-12-27
34049898,193.9222,194.14,193.58,194.66,193.17,1703739600000,472404,2023-12-28
42672148,192.5761,193.9,192.53,194.4,191.725,1703826000000,509123,2023-12-29
81964874,185.9465,187.15,185.64,188.44,183.885,1704171600000,1008871,2024-01-02
58414460,184.3226,184.22,184.25,185.88,183.43,1704258000000,656853,2024-01-03
71878670,182.0183,182.15,181.91,183.0872,180.88,1704344400000,712692,2024-01-04
62371161,181.474,181.99,181.18,182.76,180.17,1704430800000,682334,2024-01-05
59144470,184.3702,182.085,185.56,185.6,181.5,1704690000000,669173,2024-01-08
42841809,184.3706,183.92,185.14,185.15,182.73,1704776400000,538180,2024-01-09
46192908,185.2509,184.35,186.19,186.4,183.92,1704862800000,554777,2024-01-10
49128408,185.0604,186.54,185.59,187.05,183.62,1704949200000,584008,2024-01-11
40477782,185.8199,186.06,185.92,186.74,185.19,1705035600000,477050,2024-01-12
65076641,182.8866,182.16,183.63,184.26,180.934,1705381200000,767281,2024-01-16
47317433,181.9201,181.27,182.68,182.93,180.3,1705467600000,594632,2024-01-17
77722754,187.9358,186.09,188.63,189.14,185.83,1705554000000,787233,2024-01-18
68887985,190.6149,189.33,191.56,191.95,188.82,1705640400000,682663,2024-01-19
60131852,193.9891,192.3,193.89,195.33,192.26,1705899600000,718107,2024-01-22
42355590,194.8203,195.02,195.18,195.75,193.8299,1705986000000,533093,2024-01-23
53631316,195.2063,195.42,194.5,196.38,194.34,1706072400000,594714,2024-01-24
54822126,194.7337,195.22,194.17,196.2675,193.1125,1706158800000,644526,2024-01-25
44587111,193.1207,194.27,192.42,194.76,191.94,1706245200000,534165,2024-01-26
47145622,191.2954,192.01,191.73,192.2,189.58,1706504400000,599513,2024-01-29
55836970,188.7927,190.94,188.04,191.8,187.47,1706590800000,690705,2024-01-30
55467803,185.3525,187.04,184.4,187.095,184.35,1706677200000,679844,2024-01-31
64885408,185.5688,183.985,186.86,186.95,183.82,1706763600000,820977,2024-02-01
102527680,184.744,179.86,185.85,187.33,179.25,1706850000000,1108465,2024-02-02
69654320,187.6824,188.15,187.68,189.25,185.84,1707109200000,804748,2024-02-05
43490759,188.4788,186.86,189.3,189.31,186.7695,1707195600000,530825,2024-02-06
53438955,189.3803,190.64,189.41,191.05,188.61,1707282000000,596088,2024-02-07
40962046,188.3032,189.385,188.32,189.535,187.35,1707368400000,521464,2024-02-08
45155216,189.0056,188.65,188.85,189.99,188.0,1707454800000,544714,2024-02-09
41781934,187.5914,188.415,187.15,188.67,186.79,1707714000000,585515,2024-02-12
56529529,185.0421,185.77,185.04,186.21,183.5128,1707800400000,644015,2024-02-13
54617917,183.6207,185.32,184.15,185.53,182.44,1707886800000,679072,2024-02-14
65434496,182.8487,183.55,183.86,184.49,181.35,1707973200000,756083,2024-02-15
49752465,182.7317,183.42,182.31,184.85,181.665,1708059600000,611770,2024-02-16
53574453,181.1005,181.79,181.56,182.43,180.0,1708405200000,712335,2024-02-20
41496371,181.9941,181.94,182.32,182.8888,180.66,1708491600000,522492,2024-02-21
52284192,183.8372,183.48,184.37,184.955,182.46,1708578000000,613892,2024-02-22
44926677,182.9876,185.01,182.52,185.04,182.23,1708664400000,549250,2024-02-23
40867421,181.3213,182.24,181.16,182.76,180.65,1708923600000,615639,2024-02-26
54318851,181.8192,181.1,182.63,183.9225,179.56,1709010000000,669751,2024-02-27
48943139,181.1915,182.51,181.42,183.12,180.13,1709096400000,596442,2024-02-28
136682597,180.6781,181.27,180.75,182.57,179.53,1709182800000,813073,2024-02-29
73450582,179.0322,179.55,179.66,180.53,177.38,1709269200000,911077,2024-03-01
81505451,174.8938,176.15,175.1,176.9,173.79,1709528400000,1167166,2024-03-04
94702355,170.3234,170.76,170.12,172.04,169.62,1709614800000,1108820,2024-03-05
68568907,169.5506,171.06,169.12,171.24,168.68,1709701200000,896297,2024-03-06
71763761,169.3619,169.15,169.0,170.73,168.49,1709787600000,825405,2024-03-07
76267041,171.5322,169.0,170.73,173.7,168.94,1709874000000,925213,2024-03-08
60139473,172.9273,172.94,172.75,174.38,172.05,1710129600000,793618,2024-03-11
59813522,172.8726,173.15,173.23,174.03,171.01,1710216000000,735065,2024-03-12
52488692,171.3457,172.77,171.13,173.185,170.76,1710302400000,647120,2024-03-13
72913507,173.0899,172.91,173.0,174.3078,172.05,1710388800000,806014,2024-03-14
121752699,171.8002,171.17,172.62,172.62,170.285,1710475200000,771387,2024-03-15
75606556,175.4587,175.57,173.72,177.71,173.52,1710734400000,866430,2024-03-18
55215244,175.4779,174.34,176.08,176.605,173.03,1710820800000,636058,2024-03-19
53423102,177.2239,175.72,178.67,178.67,175.09,1710907200000,641653,2024-03-20
106181270,172.7231,177.05,171.37,177.49,170.84,1710993600000,1224985,2024-03-21
71146138,172.0464,171.76,172.28,173.05,170.06,1711080000000,736378,2024-03-22
54288328,170.7132,170.565,170.85,171.94,169.45,1711339200000,727686,2024-03-25
57388449,170.323,170.0,169.71,171.42,169.58,1711425600000,684303,2024-03-26
60263665,172.5879,170.41,173.31,173.6,170.11,1711512000000,670629,2024-03-27
65671690,171.3942,171.75,171.48,172.23,170.51,1711598400000,648026,2024-03-28
46240500,170.0696,171.19,170.03,171.25,169.475,1711944000000,676830,2024-04-01
49297581,168.8967,169.08,168.84,169.34,168.2302,1712030400000,608914,2024-04-02
47691715,169.8623,168.79,169.65,170.68,168.58,1712116800000,571286,2024-04-03
53682486,170.1029,170.29,168.82,171.92,168.82,1712203200000,630783,2024-04-04
42104826,169.6415,169.59,169.58,170.39,168.95,1712289600000,540854,2024-04-05
37425513,168.6637,169.03,168.45,169.2,168.24,1712548800000,549987,2024-04-08
42451209,169.1566,168.7,169.67,170.08,168.35,1712635200000,541699,2024-04-09
49691936,167.9914,168.8,167.78,169.09,167.11,1712721600000,647587,2024-04-10
91053075,172.6956,168.34,175.04,175.46,168.16,1712808000000,828408,2024-04-11
101282386,176.3413,174.26,176.55,178.36,174.21,1712894400000,960229,2024-04-12
70733115,174.19,175.36,172.69,176.63,172.5,1713153600000,846703,2024-04-15
71583932,170.0693,171.75,169.38,173.76,168.27,1713240000000,834229,2024-04-16
48503680,169.018,169.61,168.0,170.65,168.0,1713326400000,598926,2024-04-17
40735511,167.4157,168.03,167.04,168.64,166.55,1713412800000,553162,2024-04-18
66084170,165.1519,166.21,165.0,166.4,164.075,1713499200000,754706,2024-04-19
46488244,165.9694,165.515,165.84,167.26,164.77,1713758400000,610286,2024-04-22
46956672,166.5052,165.35,166.9,167.05,164.92,1713844800000,554862,2024-04-23
47007455,168.4251,166.54,169.02,169.3,166.21,1713931200000,584920,2024-04-24
48858902,169.4307,169.525,169.89,170.61,168.1511,1714017600000,608795,2024-04-25
44014087,170.0062,169.88,169.3,171.34,169.18,1714104000000,563857,2024-04-26
66891905,174.3826,173.37,173.5,176.03,173.1,1714363200000,808166,2024-04-29
64066593,172.1915,173.33,170.33,174.99,170.0,1714449600000,647398,2024-04-30
48416441,170.7483,169.58,169.3,172.705,169.11,1714536000000,648581,2024-05-01
91402452,174.57,172.51,173.03,173.415,170.89,1714622400000,944012,2024-05-02
160948084,184.3811,186.645,183.38,187.0,182.66,1714708800000,1468448,2024-05-03
75883763,181.8762,182.354,181.71,184.2,180.42,1714968000000,898724,2024-05-06
74139796,182.7881,183.45,182.4,184.9,181.32,1715054400000,747423,2024-05-07
43762264,182.4746,182.85,182.74,183.07,181.45,1715140800000,518558,2024-05-08
47493785,183.9877,182.56,184.57,184.66,182.11,1715227200000,550949,2024-05-09
48525869,183.0992,184.9,183.05,185.09,182.13,1715313600000,558732,2024-05-10
68586935,186.2008,185.435,186.28,187.1,184.62,1715572800000,726471,2024-05-13
50551025,187.1838,187.51,187.43,188.3,186.29,1715659200000,559445,2024-05-14
67561123,189.651,187.91,189.72,190.65,187.37,1715745600000,727552,2024-05-15
51938566,190.1107,190.47,189.84,191.095,189.6601,1715832000000,566892,2024-05-16
39819440,189.925,189.51,189.87,190.81,189.18,1715918400000,478115,2024-05-17
43637717,191.0833,189.325,191.04,191.9199,189.01,1716177600000,566877,2024-05-20
41192656,192.2516,191.09,192.35,192.73,190.9201,1716264000000,502712,2024-05-21
33510741,191.4481,192.265,190.9,192.8231,190.27,1716350400000,452301,2024-05-22
48553611,188.2595,190.98,186.88,191.0,186.625,1716436800000,573924,2024-05-23
35429737,189.7127,188.82,189.98,190.58,188.0404,1716523200000,492815,2024-05-24
